<?xml version="1.0" encoding="UTF-8" standalone="yes"?>
<addon id="repository.bahrain" name="Bahrain Repo" version="1.0" provider-name="aalkhalifa">
    <extension point="xbmc.addon.repository" name="Example Repository">
        <dir>
            <info compressed="false">https://raw.githubusercontent.com/aalkhalifa/repository.bahrain/master/zips/addons.xml</info>
            <checksum>https://raw.githubusercontent.com/aalkhalifa/repository.bahrain/master/zips/addons.xml.md5</checksum>
            <datadir zip="true">https://raw.githubusercontent.com/aalkhalifa/repository.bahrain/master/zips/</datadir>
        </dir>
    </extension>
    <extension point="xbmc.addon.metadata">
        <summary>Bahrain Repo</summary>
        <description>Kodi Repo custom for bahrain</description>
        <disclaimer></disclaimer>
        <platform>all</platform>
        <assets>
            <icon>icon.png</icon>
            <fanart>fanart.jpg</fanart>
        </assets>
    </extension>
</addon>